seuil,cout_total,faux_negatifs,faux_positifs,taux_acceptation,taux_defaut_portefeuille
0.01,26818500,18,53457,0.05038778596166041,0.005808325266214908
0.015,25124000,64,49608,0.11371803001479602,0.009150700600514728
0.019999999999999997,23114000,153,44698,0.19499861795359577,0.01275744184107396
0.024999999999999998,21456000,256,40352,0.2673365526884867,0.015569882009487897
0.03,19284500,475,33819,0.3771198152935629,0.020479434336466328
0.034999999999999996,18405500,574,31071,0.42341024015088696,0.022042164279405554
0.039999999999999994,18060000,611,30010,0.44126302781978116,0.022513725634695458
0.045,18059000,611,30008,0.44129554655870445,0.02251206661508419
0.049999999999999996,16404500,888,23929,0.5446400988569663,0.02650983670179419
0.05499999999999999,16404500,888,23929,0.5446400988569663,0.02650983670179419
0.05999999999999999,16361500,926,23463,0.5528348210656391,0.027234493103144027
0.06499999999999999,16272500,951,23035,0.5602003154317675,0.027602020084750684
0.06999999999999999,16030000,1019,21870,0.5802481179779848,0.028553815114747666
0.07499999999999998,16030000,1019,21870,0.5802481179779848,0.028553815114747666
0.07999999999999999,15345000,1243,18260,0.6425865404939597,0.031451633308873767
0.08499999999999998,15344000,1243,18258,0.642619059232883,0.03145004174784303
0.08999999999999998,15174000,1546,14888,0.7023397232655317,0.035790350958422076
0.09499999999999999,15173000,1546,14886,0.702372242004455,0.035788693921014865
0.09999999999999998,15437500,1856,12315,0.7492154854234753,0.04027865188046616
0.10499999999999998,15436500,1856,12313,0.7492480041623986,0.040276903713027064
0.10999999999999997,15475500,1920,11751,0.7594263694453929,0.041107328665938726
0.11499999999999998,15475500,1920,11751,0.7594263694453929,0.041107328665938726
0.11999999999999998,15738500,2104,10437,0.783782904898948,0.04364692459288456
0.12499999999999997,15859000,2220,9518,0.8006113522917582,0.04508529650690495
0.12999999999999998,15866500,2234,9393,0.8028714046469277,0.04524190445331011
0.13499999999999998,15865000,2234,9390,0.8029201827553127,0.045239155967761534
0.13999999999999999,16837000,2725,6424,0.8591288229842446,0.05157175571074396
0.145,16834000,2725,6418,0.8592263792010146,0.05156590027438736
0.15,16834000,2725,6418,0.8592263792010146,0.05156590027438736
0.155,16834000,2725,6418,0.8592263792010146,0.05156590027438736
0.15999999999999998,16979000,2784,6118,0.8650634928377477,0.05232689271483347
0.16499999999999998,17577000,3043,4724,0.891940230557859,0.05547149862369433
0.16999999999999998,17598000,3049,4706,0.8923304554249386,0.055556567846795794
0.175,17597500,3049,4705,0.8923467147944003,0.05555555555555555
0.18,17597500,3049,4705,0.8923467147944003,0.05555555555555555
0.18499999999999997,17597500,3049,4705,0.8923467147944003,0.05555555555555555
0.18999999999999997,17597500,3049,4705,0.8923467147944003,0.05555555555555555
0.19499999999999998,17597500,3049,4705,0.8923467147944003,0.05555555555555555
0.19999999999999998,17597500,3049,4705,0.8923467147944003,0.05555555555555555
0.205,17597500,3049,4705,0.8923467147944003,0.05555555555555555
0.20999999999999996,18393000,3319,3596,0.9147683852820188,0.0589929080535362
0.21499999999999997,18393000,3319,3596,0.9147683852820188,0.0589929080535362
0.21999999999999997,18410000,3328,3540,0.9158252442970262,0.05908461456520967
0.22499999999999998,19141500,3557,2713,0.932995138448531,0.061988079885678435
0.22999999999999998,19141500,3557,2713,0.932995138448531,0.061988079885678435
0.235,20134000,3827,1998,0.9490106173682584,0.06556787225658334
0.23999999999999996,20134000,3827,1998,0.9490106173682584,0.06556787225658334
0.24499999999999997,20134000,3827,1998,0.9490106173682584,0.06556787225658334
0.24999999999999997,20134000,3827,1998,0.9490106173682584,0.06556787225658334
0.25499999999999995,20134000,3827,1998,0.9490106173682584,0.06556787225658334
0.25999999999999995,20134000,3827,1998,0.9490106173682584,0.06556787225658334
0.26499999999999996,20134000,3827,1998,0.9490106173682584,0.06556787225658334
0.26999999999999996,20625000,3958,1670,0.9564736679511568,0.06728317410668752
0.27499999999999997,20625000,3958,1670,0.9564736679511568,0.06728317410668752
0.27999999999999997,20668000,3970,1636,0.9572215989463928,0.06743443402636227
0.285,20667500,3970,1635,0.9572378583158545,0.0674332886042838
0.29,21181500,4106,1303,0.9648472432239078,0.06919330648287018
0.295,21186000,4107,1302,0.9648797619628311,0.06920782569131996
0.3,21699500,4234,1059,0.9708957286636424,0.07090583290070838
0.30499999999999994,21699500,4234,1059,0.9708957286636424,0.07090583290070838
0.30999999999999994,21699500,4234,1059,0.9708957286636424,0.07090583290070838
0.31499999999999995,21699500,4234,1059,0.9708957286636424,0.07090583290070838
0.31999999999999995,21699500,4234,1059,0.9708957286636424,0.07090583290070838
0.32499999999999996,21699500,4234,1059,0.9708957286636424,0.07090583290070838
0.32999999999999996,21930500,4291,951,0.9735785246248151,0.07166238017301847
0.33499999999999996,21930500,4291,951,0.9735785246248151,0.07166238017301847
0.33999999999999997,21930500,4291,951,0.9735785246248151,0.07166238017301847
0.345,21930500,4291,951,0.9735785246248151,0.07166238017301847
0.35,21930500,4291,951,0.9735785246248151,0.07166238017301847
0.355,22159500,4346,859,0.9759686519356779,0.07240316534777176
0.35999999999999993,22159500,4346,859,0.9759686519356779,0.07240316534777176
0.36499999999999994,22159500,4346,859,0.9759686519356779,0.07240316534777176
0.36999999999999994,22159500,4346,859,0.9759686519356779,0.07240316534777176
0.37499999999999994,22159500,4346,859,0.9759686519356779,0.07240316534777176
0.37999999999999995,22269000,4374,798,0.977415735817765,0.07276175266992714
0.38499999999999995,22268000,4374,796,0.9774482545566883,0.07275933195821412
0.38999999999999996,23038000,4563,446,0.9862120546965188,0.07522875278212843
0.39499999999999996,23038000,4563,446,0.9862120546965188,0.07522875278212843
0.39999999999999997,23038000,4563,446,0.9862120546965188,0.07522875278212843
0.40499999999999997,23038000,4563,446,0.9862120546965188,0.07522875278212843
0.4099999999999999,23043000,4564,446,0.9862283140659805,0.07524399894486943
0.4149999999999999,23043000,4564,446,0.9862283140659805,0.07524399894486943
0.41999999999999993,23221000,4608,362,0.9883095133570721,0.07580942353250855
0.42499999999999993,23226000,4609,362,0.9883257727265337,0.07582462778646047
0.42999999999999994,23736500,4726,213,0.9926507650033332,0.07741068942359666
0.43499999999999994,23736500,4726,213,0.9926507650033332,0.07741068942359666
0.43999999999999995,23736500,4726,213,0.9926507650033332,0.07741068942359666
0.44499999999999995,23736500,4726,213,0.9926507650033332,0.07741068942359666
0.44999999999999996,23736500,4726,213,0.9926507650033332,0.07741068942359666
0.45499999999999996,23736500,4726,213,0.9926507650033332,0.07741068942359666
0.45999999999999996,23736500,4726,213,0.9926507650033332,0.07741068942359666
0.4649999999999999,24003500,4786,147,0.9946994455555014,0.07823201529986759
0.4699999999999999,24003500,4786,147,0.9946994455555014,0.07823201529986759
0.4749999999999999,24003500,4786,147,0.9946994455555014,0.07823201529986759
0.4799999999999999,24003500,4786,147,0.9946994455555014,0.07823201529986759
0.48499999999999993,24003500,4786,147,0.9946994455555014,0.07823201529986759
0.48999999999999994,24003500,4786,147,0.9946994455555014,0.07823201529986759
0.49499999999999994,24003500,4786,147,0.9946994455555014,0.07823201529986759
0.49999999999999994,24003500,4786,147,0.9946994455555014,0.07823201529986759
0.5049999999999999,24035500,4793,141,0.9949108173585028,0.0783297924497467
0.5099999999999999,24035500,4793,141,0.9949108173585028,0.0783297924497467
0.5149999999999999,24035500,4793,141,0.9949108173585028,0.0783297924497467
0.5199999999999999,24035500,4793,141,0.9949108173585028,0.0783297924497467
0.5249999999999999,24035500,4793,141,0.9949108173585028,0.0783297924497467
0.5299999999999999,24035500,4793,141,0.9949108173585028,0.0783297924497467
0.5349999999999999,24035500,4793,141,0.9949108173585028,0.0783297924497467
0.5399999999999999,24657500,4930,15,0.9991870315269173,0.08022391095634061
0.5449999999999999,24657500,4930,15,0.9991870315269173,0.08022391095634061
0.5499999999999999,24657500,4930,15,0.9991870315269173,0.08022391095634061
0.5549999999999999,24695500,4938,11,0.9993821439604572,0.08033840396973888
0.5599999999999999,24695500,4938,11,0.9993821439604572,0.08033840396973888
0.565,24695500,4938,11,0.9993821439604572,0.08033840396973888
0.57,24695500,4938,11,0.9993821439604572,0.08033840396973888
0.575,24695500,4938,11,0.9993821439604572,0.08033840396973888
0.58,24695500,4938,11,0.9993821439604572,0.08033840396973888
0.585,24695500,4938,11,0.9993821439604572,0.08033840396973888
0.59,24695500,4938,11,0.9993821439604572,0.08033840396973888
0.595,24695500,4938,11,0.9993821439604572,0.08033840396973888
0.5999999999999999,24695500,4938,11,0.9993821439604572,0.08033840396973888
0.6049999999999999,24695500,4938,11,0.9993821439604572,0.08033840396973888
0.6099999999999999,24695500,4938,11,0.9993821439604572,0.08033840396973888
0.6149999999999999,24695500,4938,11,0.9993821439604572,0.08033840396973888
0.6199999999999999,24695500,4938,11,0.9993821439604572,0.08033840396973888
0.6249999999999999,24695500,4938,11,0.9993821439604572,0.08033840396973888
0.6299999999999999,24719500,4943,9,0.9994959595466888,0.0804105934409162
0.6349999999999999,24719500,4943,9,0.9994959595466888,0.0804105934409162
0.6399999999999999,24754000,4950,8,0.999626034502382,0.08051398828887443
0.6449999999999999,24754000,4950,8,0.999626034502382,0.08051398828887443
0.6499999999999999,24754000,4950,8,0.999626034502382,0.08051398828887443
0.6549999999999999,24754000,4950,8,0.999626034502382,0.08051398828887443
0.6599999999999999,24754000,4950,8,0.999626034502382,0.08051398828887443
0.6649999999999999,24754000,4950,8,0.999626034502382,0.08051398828887443
0.6699999999999999,24754000,4950,8,0.999626034502382,0.08051398828887443
0.6749999999999999,24754000,4950,8,0.999626034502382,0.08051398828887443
0.6799999999999999,24754000,4950,8,0.999626034502382,0.08051398828887443
0.6849999999999999,24754000,4950,8,0.999626034502382,0.08051398828887443
0.69,24754000,4950,8,0.999626034502382,0.08051398828887443
0.695,24754000,4950,8,0.999626034502382,0.08051398828887443
0.7,24754000,4950,8,0.999626034502382,0.08051398828887443
0.7049999999999998,24754000,4950,8,0.999626034502382,0.08051398828887443
0.7099999999999999,24754000,4950,8,0.999626034502382,0.08051398828887443
0.7149999999999999,24801500,4960,3,0.9998699250443068,0.08065696398081144
0.7199999999999999,24801500,4960,3,0.9998699250443068,0.08065696398081144
0.7249999999999999,24801500,4960,3,0.9998699250443068,0.08065696398081144
0.7299999999999999,24801500,4960,3,0.9998699250443068,0.08065696398081144
0.7349999999999999,24801500,4960,3,0.9998699250443068,0.08065696398081144
0.7399999999999999,24801500,4960,3,0.9998699250443068,0.08065696398081144
0.7449999999999999,24801500,4960,3,0.9998699250443068,0.08065696398081144
0.7499999999999999,24801500,4960,3,0.9998699250443068,0.08065696398081144
0.7549999999999999,24801500,4960,3,0.9998699250443068,0.08065696398081144
0.7599999999999999,24801500,4960,3,0.9998699250443068,0.08065696398081144
0.7649999999999999,24801500,4960,3,0.9998699250443068,0.08065696398081144
0.7699999999999999,24801500,4960,3,0.9998699250443068,0.08065696398081144
0.7749999999999999,24801500,4960,3,0.9998699250443068,0.08065696398081144
0.7799999999999999,24801500,4960,3,0.9998699250443068,0.08065696398081144
0.7849999999999999,24801500,4960,3,0.9998699250443068,0.08065696398081144
0.7899999999999999,24801500,4960,3,0.9998699250443068,0.08065696398081144
0.7949999999999999,24801500,4960,3,0.9998699250443068,0.08065696398081144
0.7999999999999999,24801500,4960,3,0.9998699250443068,0.08065696398081144
0.8049999999999999,24801500,4960,3,0.9998699250443068,0.08065696398081144
0.8099999999999998,24801500,4960,3,0.9998699250443068,0.08065696398081144
0.8149999999999998,24801500,4960,3,0.9998699250443068,0.08065696398081144
0.8199999999999998,24801500,4960,3,0.9998699250443068,0.08065696398081144
0.8249999999999998,24801500,4960,3,0.9998699250443068,0.08065696398081144
0.8299999999999998,24801500,4960,3,0.9998699250443068,0.08065696398081144
0.8349999999999999,24801500,4960,3,0.9998699250443068,0.08065696398081144
0.8399999999999999,24801500,4960,3,0.9998699250443068,0.08065696398081144
0.8449999999999999,24801500,4960,3,0.9998699250443068,0.08065696398081144
0.8499999999999999,24801500,4960,3,0.9998699250443068,0.08065696398081144
0.8549999999999999,24801500,4960,3,0.9998699250443068,0.08065696398081144
0.8599999999999999,24801500,4960,3,0.9998699250443068,0.08065696398081144
0.8649999999999999,24801500,4960,3,0.9998699250443068,0.08065696398081144
0.8699999999999999,24801500,4960,3,0.9998699250443068,0.08065696398081144
0.8749999999999999,24801500,4960,3,0.9998699250443068,0.08065696398081144
0.8799999999999999,24801500,4960,3,0.9998699250443068,0.08065696398081144
0.8849999999999999,24801500,4960,3,0.9998699250443068,0.08065696398081144
0.8899999999999999,24801500,4960,3,0.9998699250443068,0.08065696398081144
0.8949999999999999,24801500,4960,3,0.9998699250443068,0.08065696398081144
0.8999999999999999,24801500,4960,3,0.9998699250443068,0.08065696398081144
0.9049999999999999,24801500,4960,3,0.9998699250443068,0.08065696398081144
0.9099999999999999,24801500,4960,3,0.9998699250443068,0.08065696398081144
0.9149999999999999,24801500,4960,3,0.9998699250443068,0.08065696398081144
0.9199999999999998,24801500,4960,3,0.9998699250443068,0.08065696398081144
0.9249999999999998,24801500,4960,3,0.9998699250443068,0.08065696398081144
0.9299999999999998,24801500,4960,3,0.9998699250443068,0.08065696398081144
0.9349999999999998,24801500,4960,3,0.9998699250443068,0.08065696398081144
0.9399999999999998,24801500,4960,3,0.9998699250443068,0.08065696398081144
0.9449999999999998,24801500,4960,3,0.9998699250443068,0.08065696398081144
0.9499999999999998,24801500,4960,3,0.9998699250443068,0.08065696398081144
0.9549999999999998,24801500,4960,3,0.9998699250443068,0.08065696398081144
0.9599999999999999,24801500,4960,3,0.9998699250443068,0.08065696398081144
0.9649999999999999,24801500,4960,3,0.9998699250443068,0.08065696398081144
0.9699999999999999,24801500,4960,3,0.9998699250443068,0.08065696398081144
0.9749999999999999,24801500,4960,3,0.9998699250443068,0.08065696398081144
0.9799999999999999,24801500,4960,3,0.9998699250443068,0.08065696398081144
0.9849999999999999,24801500,4960,3,0.9998699250443068,0.08065696398081144
