axe,groupe,effectif,taux_defaut_reel,probabilite_moyenne,taux_acceptation,tnr,tpr,ecart_calibration,auc
Genre,F,40283.0,0.06769605044311496,0.07462501550912387,0.7333862919842117,0.7623282564703376,0.6651998533186652,0.006928965066008916,0.7823770164143193
Genre,M,21219.0,0.10547151138130921,0.09443332887039681,0.6434799000895424,0.6860017912649492,0.7171581769436998,0.011038182510912403,0.7669073405280545
Genre,XNA,1.0,0.0,0.02655994178642896,1.0,1.0,,0.02655994178642896,
Tranche d'age,"(20, 30]",9153.0,0.11821260788812411,0.12139375153258203,0.5136020976728941,0.5581712303308141,0.8188539741219963,0.003181143644457915,0.7643635127339136
Tranche d'age,"(30, 40]",16432.0,0.09548442064264849,0.09031756360837755,0.6580452775073028,0.6993204602031892,0.7329509241555131,0.005166857034270944,0.7840679094686216
Tranche d'age,"(40, 50]",15293.0,0.07421696200876218,0.07524758409583457,0.7333420519191787,0.7647972877525074,0.6590308370044052,0.001030622087072386,0.7815014378321934
Tranche d'age,"(50, 60]",13485.0,0.060066740823136816,0.06672653708208537,0.7704857248794957,0.7936094674556213,0.591358024691358,0.006659796258948553,0.7632527333382034
Tranche d'age,"(60, 70]",7140.0,0.05168067226890756,0.051000419590570195,0.8514005602240896,0.8663417515876533,0.42276422764227645,0.0006802526783373647,0.7263547033638997
Situation familiale,Civil marriage,6091.0,0.09965522902643244,0.09524518925322169,0.6361845345591857,0.6788840262582057,0.7495881383855024,0.00441003977321075,0.7783532625087569
Situation familiale,Married,39118.0,0.07467150672324761,0.07782266338996457,0.7179048008589396,0.7499792800508329,0.6795617939061965,0.0031511566667169616,0.7865133479648062
Situation familiale,Separated,3975.0,0.08729559748427673,0.0773586459832448,0.7267924528301887,0.7566152149944874,0.5850144092219021,0.009936951501031938,0.7417567971175201
Situation familiale,Single / not married,9142.0,0.09833734412601182,0.09564006968414157,0.637606650623496,0.6792429940555623,0.7441601779755284,0.0026972744418702482,0.7736107908054793
Situation familiale,Widow,3177.0,0.06011960969468052,0.06411058732481742,0.7938306578533207,0.8164768921634293,0.5602094240837696,0.003990977630136901,0.7388511132229636
