variable,libelle,psi,etat,origine,part_psi_due_aux_absents,part_absente_reference,part_absente_courante
EXT_SOURCE_2,score externe n2,5.375013925283874,DERIVE,population,0.000941021511727571,0.0021354319100733853,0.00016412276382734285
BB_NB_MOIS,mois d'historique detaille des credits exterieurs,1.6218203239780802,DERIVE,couverture,0.5832997696322477,0.6993051716475345,0.13197521746266208
BB_PART_INCONNU,part des mois sans information exterieure,1.615692577068926,DERIVE,couverture,0.5855120180582191,0.6993051716475345,0.13197521746266208
BB_PART_CLOS,part des mois ou le credit exterieur etait solde,1.5815100994541007,DERIVE,couverture,0.5981671705339413,0.6993051716475345,0.13197521746266208
BB_GRAVITE_MEAN,gravite moyenne des retards exterieurs,1.5775815448897161,DERIVE,couverture,0.5996567495516969,0.6993051716475345,0.13197521746266208
BB_PART_MOIS_RETARD,part des mois passes en retard a l'exterieur,1.575260681500359,DERIVE,couverture,0.6005402359565565,0.6993051716475345,0.13197521746266208
BB_NB_MOIS_RETARD,mois de retard sur les credits exterieurs,1.568663462920331,DERIVE,couverture,0.6030658861653854,0.6993051716475345,0.13197521746266208
BB_GRAVITE_MAX,gravite maximale d'un retard exterieur,1.5641744908673796,DERIVE,couverture,0.6047966047807897,0.6993051716475345,0.13197521746266208
BB_NB_CREDITS,credits exterieurs suivis mois par mois,1.549243828393784,DERIVE,couverture,0.6106252637727837,0.6993051716475345,0.13197521746266208
BB_PRESENT,dispose d'un historique mensuel exterieur,1.5474477341263462,DERIVE,couverture,0.0,0.0,0.0
BB_DERNIER_MOIS,anciennete de la derniere information exterieure,1.5474477341263462,DERIVE,couverture,0.6113340053422909,0.6993051716475345,0.13197521746266208
BUREAU_ANNUITE_SUM,total des mensualites chez d'autres etablissements,1.225727152172559,DERIVE,couverture,0.5248482370455245,0.7390220372237217,0.21600607254226162
BUREAU_ANNUITE_MEAN,mensualite moyenne chez les autres etablissements,1.2234726223205121,DERIVE,couverture,0.5258153907003149,0.7390220372237217,0.21600607254226162
RATIO_ANNUITE_CREDIT,duree implicite du pret,1.0058367752578572,DERIVE,population,0.0006218278776493816,4.877890149913824e-05,0.0004923682914820286
DAYS_EMPLOYED,anciennete dans l'emploi,0.973425522649204,DERIVE,population,0.0006172790930373027,0.1797177327566583,0.1902593139668472
AMT_ANNUITY,mensualite,0.9095075044482696,DERIVE,population,0.0006876879455763366,4.877890149913824e-05,0.0004923682914820286
AMT_REQ_CREDIT_BUREAU_MON,interrogations du bureau dans le mois,0.4329418009592251,DERIVE,population,0.001995804659911424,0.134667707283232,0.12409732479894961
AMT_REQ_CREDIT_BUREAU_QRT,interrogations du bureau de credit dans le trimestre,0.2831877633489978,DERIVE,population,0.0030512168096754858,0.134667707283232,0.12409732479894961
NAME_CONTRACT_TYPE,type de contrat demande,0.21206676921744322,vigilance,population,0.0,0.0,0.0
FLAG_EMAIL,adresse electronique fournie,0.1247725388148591,vigilance,population,0.0,0.0,0.0
RATIO_CREDIT_REVENU,montant emprunte rapporte au revenu,0.11443783359603332,vigilance,population,0.0,0.0,0.0
EXT_SOURCE_1,score externe n1,0.08341434022196953,stable,population,0.4921724965969273,0.5628543245206118,0.42122107336287545
AMT_GOODS_PRICE,prix du bien finance,0.08224159810001574,stable,population,0.024041978382455143,0.0009701581520384161,0.0
AMT_CREDIT,montant du credit demande,0.08041495537353237,stable,population,0.0,0.0,0.0
CC_NB_MOIS,mois d'historique de carte de credit,0.07027854192791592,stable,population,0.06898852883737626,0.7160634342514607,0.6583579517479075
DAYS_ID_PUBLISH,anciennete de la piece d'identite,0.06798063943976879,stable,population,0.0,0.0,0.0
PREV_JOURS_PREMIERE_DEMANDE,anciennete de la premiere demande,0.06572051865124964,stable,population,0.5325269981718108,0.05368931091671816,0.019366486131626455
AMT_REQ_CREDIT_BUREAU_WEEK,interrogations du bureau de credit dans la semaine,0.06376484056599335,stable,population,0.013550841751585658,0.134667707283232,0.12409732479894961
POS_MENSUALITES_RESTANTES,mensualites restant a payer,0.05949987096254075,stable,population,0.7482333997806563,0.05906040995956771,0.019284424749712786
PREV_JOURS_DERNIERE_DEMANDE,anciennete de la derniere demande,0.058360947754956004,stable,population,0.5996809829510087,0.05368931091671816,0.019366486131626455
PREV_PART_ANNULEES,part des demandes anterieures annulees,0.058117738961929996,stable,population,0.6021905039796863,0.05368931091671816,0.019366486131626455
POS_DERNIER_MOIS,anciennete du dernier point de situation,0.05485632614600665,stable,population,0.8136796718309606,0.05897911179040248,0.019202363367799114
DAYS_LAST_PHONE_CHANGE,anciennete du dernier changement de telephone,0.052693339672012354,stable,population,0.0,0.0,0.0
INSTAL_MONTANT_PAYE_SUM,total effectivement paye,0.05086355159369568,stable,population,0.7923958603320473,0.05163517717581,0.016432791728212704
PREV_PART_ACCEPTEES,part des demandes anterieures acceptees,0.050601973465562146,stable,population,0.6916321265506138,0.05368931091671816,0.019366486131626455
INSTAL_MONTANT_DU_SUM,total du a l'echeancier,0.050550122733069205,stable,population,0.7978601048804524,0.05161349766403261,0.016412276382734285
POS_DPD_MEAN,retard moyen sur les credits a la consommation,0.050387626242511946,stable,population,0.8858420367236106,0.05897911179040248,0.019202363367799114
POS_PART_MOIS_RETARD,part de mois en retard,0.05015837734727478,stable,population,0.8898907783100359,0.05897911179040248,0.019202363367799114
POS_NB_MOIS,mois d'historique de credit a la consommation,0.049980760000788674,stable,population,0.893053195982424,0.05897911179040248,0.019202363367799114
POS_NB_TERMINES,credits a la consommation menes a terme,0.04931652413016367,stable,population,0.9050815774957313,0.05897911179040248,0.019202363367799114
INSTAL_PART_RETARDS,part des echeances payees en retard,0.048841052797126465,stable,population,0.8257792147326366,0.05161349766403261,0.016412276382734285
POS_PART_MOIS_RETARD_GRAVE,part des mois passes en retard grave,0.048591075874591945,stable,population,0.9185941379757455,0.05897911179040248,0.019202363367799114
POS_DPD_DEF_MEAN,retard grave moyen,0.04841708984903518,stable,population,0.921895091082685,0.05897911179040248,0.019202363367799114
PREV_AMT_APPLICATION_MAX,montant le plus eleve demande par le passe,0.04840222410048932,stable,population,0.7230649245163647,0.05368931091671816,0.019366486131626455
POS_DPD_MAX,retard maximal sur les credits en cours,0.04836474095001837,stable,population,0.922892929426884,0.05897911179040248,0.019202363367799114
PREV_NB_DEMANDES,nombre de demandes anterieures,0.04826146338016037,stable,population,0.7251738356949958,0.05368931091671816,0.019366486131626455
POS_NB_MOIS_RETARD,mois de retard sur les credits a la consommation,0.048212057729825744,stable,population,0.9258156477465945,0.05897911179040248,0.019202363367799114
POS_DPD_DEF_MAX,retard grave maximal constate,0.04794397633596339,stable,population,0.9309923971169073,0.05897911179040248,0.019202363367799114
INSTAL_RESTE_DU,montant restant du sur les credits anterieurs,0.04764025944440435,stable,population,0.8460085691108454,0.05163517717581,0.016432791728212704
INSTAL_RETARD_JOURS_SUM,cumul des jours de retard,0.047539760506896664,stable,population,0.8477970291580034,0.05163517717581,0.016432791728212704
POS_NB_CREDITS,nombre de credits a la consommation suivis,0.04753169016456142,stable,population,0.939067752520487,0.05897911179040248,0.019202363367799114
POS_NB_MOIS_RETARD_GRAVE,mois de retard grave sur les credits a la consommation,0.04736220013690706,stable,population,0.9424282936035434,0.05897911179040248,0.019202363367799114
POS_NB_ACTIFS,credits en cours,0.04735733956866255,stable,population,0.9425250206806626,0.05897911179040248,0.019202363367799114
PREV_AMT_GOODS_PRICE_MEAN,prix moyen des biens finances par le passe,0.0469067240259296,stable,population,0.7512174942190272,0.05688161902593954,0.021192351879205647
INSTAL_RETARD_JOURS_MAX,retard le plus important constate,0.0468946802486571,stable,population,0.8594592715190574,0.05163517717581,0.016432791728212704
INSTAL_NB_ECHEANCES,nombre d'echeances dans l'historique,0.04675879048773504,stable,population,0.8625528120986259,0.05161349766403261,0.016412276382734285
INSTAL_RETARD_JOURS_MEAN,retard moyen sur les echeances passees,0.046550192664195626,stable,population,0.8658195684682976,0.05163517717581,0.016432791728212704
POS_PRESENT,dispose d'un historique de credit a la consommation,0.04628226739123822,stable,population,0.0,0.0,0.0
INSTAL_TAUX_PAIEMENT_MEAN,part des echeances effectivement reglees,0.04621065366763052,stable,population,0.8723955465407387,0.05164059705375435,0.016432791728212704
RATIO_CREDIT_BIEN,part financee du bien,0.045332322753340586,stable,population,0.04361679710121266,0.0009701581520384161,0.0
PREV_AMT_ANNUITY_MAX,mensualite la plus elevee des demandes anterieures,0.04477078443093875,stable,population,0.7513021572510516,0.05500634125719489,0.02065895289676678
PREV_AMT_CREDIT_MAX,montant le plus eleve accorde par le passe,0.04453463504383526,stable,population,0.7858591516736612,0.05368931091671816,0.019366486131626455
PREV_AMT_ANNUITY_MEAN,mensualite moyenne des demandes anterieures,0.04443544967094721,stable,population,0.7569719036010617,0.05500634125719489,0.02065895289676678
PREV_PART_CONSO,part des credits a la consommation dans l'historique,0.044306235416699855,stable,population,0.7899102730459716,0.05368931091671816,0.019366486131626455
INSTAL_NB_RETARDS,nombre d'echeances payees en retard,0.04363980465531546,stable,population,0.9242004299534322,0.05161349766403261,0.016412276382734285
PREV_AMT_CREDIT_SUM,total des montants accordes par le passe,0.04354463920235567,stable,population,0.8037258123326273,0.05368931091671816,0.019366486131626455
PREV_AMT_APPLICATION_MEAN,montant moyen demande par le passe,0.04326407420332894,stable,population,0.8089379273705012,0.05368931091671816,0.019366486131626455
PREV_PART_ACCORDEE_MIN,part la plus faible du montant demande qui a ete accordee,0.04290508321877318,stable,population,0.8238804493136123,0.05698459670688216,0.021212867224684063
INSTAL_NB_CREDITS,nombre de credits anterieurs avec echeancier,0.04289842070793382,stable,population,0.9401727513494961,0.05161349766403261,0.016412276382734285
INSTAL_TAUX_PAIEMENT_MIN,plus faible taux de paiement d'une echeance,0.041694941990284055,stable,population,0.9668791114224708,0.05164059705375435,0.016432791728212704
INSTAL_PRESENT,dispose d'un historique d'echeancier,0.04161482442605851,stable,population,0.0,0.0,0.0
INSTAL_NB_JAMAIS_PAYEES,echeances jamais payees,0.04161482442605851,stable,population,0.9691720866728242,0.05161349766403261,0.016412276382734285
PREV_PART_RENOUVELABLE,part des credits renouvelables dans l'historique,0.040939206980820916,stable,population,0.854876122345023,0.05368931091671816,0.019366486131626455
PREV_PART_ACCORDEE_MEAN,part du montant accorde par le passe,0.04072783476952856,stable,population,0.8679238520818114,0.05698459670688216,0.021212867224684063
PREV_NB_REFUSEES,nombre de demandes anterieures refusees,0.04072304960172298,stable,population,0.8594137928747784,0.05368931091671816,0.019366486131626455
PREV_AMT_CREDIT_MEAN,montant moyen des credits anterieurs,0.040180165291727354,stable,population,0.8710255485895217,0.05368931091671816,0.019366486131626455
PREV_PART_TRESORERIE,part des credits de tresorerie dans l'historique,0.04000987864175093,stable,population,0.8747327336085338,0.05368931091671816,0.019366486131626455
PREV_PART_REFUSEES,part de demandes anterieures refusees,0.03992029826420085,stable,population,0.8766956169520767,0.05368931091671816,0.019366486131626455
BUREAU_JOURS_CREDIT_RECENT,anciennete du dernier credit externe,0.03986683930725562,stable,population,0.022125004960634104,0.14279210432181066,0.1317905793533563
PREV_DUREE_RELATION_JOURS,anciennete de la relation avec l'etablissement,0.039372368550291754,stable,population,0.8888962438452319,0.05368931091671816,0.019366486131626455
PREV_CNT_PAYMENT_MAX,duree la plus longue accordee par le passe,0.03726124054974488,stable,population,0.9022513449179924,0.05499550150130619,0.02065895289676678
PREV_PRESENT,a deja depose une demande,0.036220799532338345,stable,population,0.0,0.0,0.0
PREV_PART_NON_UTILISEES,part des credits accordes mais non utilises,0.036220799532338345,stable,population,0.9662390385501543,0.05368931091671816,0.019366486131626455
PREV_PART_ASSUREES,part des demandes anterieures avec assurance,0.036140054454056936,stable,population,0.8313227091210083,0.057840937422089254,0.023879862136878385
PREV_CNT_PAYMENT_MEAN,duree moyenne des credits anterieurs,0.03557729397654873,stable,population,0.9449567586978536,0.05499550150130619,0.02065895289676678
BUREAU_NB_PROLONGATIONS,nombre de prolongations obtenues ailleurs,0.03546097456702407,stable,population,0.024873936156793456,0.14279210432181066,0.1317905793533563
FLAG_DOCUMENT_3,fourniture du document 3,0.031335142064380685,stable,population,0.0,0.0,0.0
BUREAU_JOURS_CREDIT_ANCIEN,anciennete du plus vieux credit exterieur,0.026825282902891125,stable,population,0.032881443250045606,0.14279210432181066,0.1317905793533563
NAME_TYPE_SUITE,accompagnant lors de la demande,0.025181644752821378,stable,population,0.8589191368928715,0.004200405406870237,0.018689479730838666
NB_DOCUMENTS,completude du dossier,0.023782811492050974,stable,population,0.0,0.0,0.0
PREV_AMT_DOWN_PAYMENT_MEAN,apport moyen des demandes anterieures,0.023072056325066016,stable,population,0.6209919881179555,0.10980130727456018,0.07377318234039061
BUREAU_DETTE_SUM,dette totale chez d'autres etablissements,0.023033849657294554,stable,population,0.05557684246839316,0.16684552263883018,0.15255210897751517
PREV_RATE_DOWN_PAYMENT_MEAN,taux d'apport moyen des demandes anterieures,0.02166240985014601,stable,population,0.6614020428191476,0.10980130727456018,0.07377318234039061
AMT_INCOME_TOTAL,revenu declare,0.020700626054019688,stable,population,0.0,0.0,0.0
CC_SOLDE_MEAN,solde moyen de la carte de credit,0.02067156809156176,stable,population,0.23454501346813314,0.7160634342514607,0.6583579517479075
CC_TAUX_UTILISATION_MAX,utilisation maximale du plafond de carte,0.020510026960001662,stable,population,0.2182695749745803,0.7189739087075759,0.6633636960446414
CC_NB_OPERATIONS,nombre d'operations sur la carte,0.020166871595377684,stable,population,0.24041474125089668,0.7160634342514607,0.6583579517479075
CC_TAUX_UTILISATION_MEAN,utilisation moyenne du plafond de carte,0.020143207399592338,stable,population,0.2222443912962613,0.7189739087075759,0.6633636960446414
BUREAU_TAUX_UTILISATION,utilisation des plafonds accordes ailleurs,0.019841667787126527,stable,population,0.06024187263585157,0.16999447172449678,0.15603971770884623
BUREAU_JOURS_MAJ_RECENTE,anciennete de la derniere mise a jour du bureau,0.019638373071833613,stable,population,0.04491482131495513,0.14279210432181066,0.1317905793533563
CC_DPD_DEF_MAX,retard grave maximal sur la carte,0.019292886876458516,stable,population,0.2513057401668018,0.7160634342514607,0.6583579517479075
CC_NB_MOIS_RETARD,mois de retard sur la carte,0.01874655525827008,stable,population,0.2586295535177801,0.7160634342514607,0.6583579517479075
CC_DPD_MEAN,retard moyen sur la carte,0.018614482563110647,stable,population,0.26046457106743076,0.7160634342514607,0.6583579517479075
CC_DPD_MAX,retard maximal sur la carte,0.018563799750973414,stable,population,0.26117569040188293,0.7160634342514607,0.6583579517479075
OWN_CAR_AGE,age du vehicule,0.018376424446437913,stable,population,0.00014908982932612818,0.6615448820092572,0.6628918430986378
CC_PLAFOND_SUM,total des plafonds de carte,0.018216552669473415,stable,population,0.26615426663945946,0.7160634342514607,0.6583579517479075
BUREAU_DETTE_MEAN,dette moyenne chez les autres etablissements,0.018084653898340877,stable,population,0.0707864602242432,0.16684552263883018,0.15255210897751517
CC_PAIEMENT_MEAN,paiement mensuel moyen sur la carte,0.01805546689250008,stable,population,0.2685288198477287,0.7160634342514607,0.6583579517479075
CC_NB_CARTES,nombre de cartes de credit detenues,0.016725930017440205,stable,population,0.2898740585060036,0.7160634342514607,0.6583579517479075
CC_PRESENT,detient une carte de credit,0.015524659949127044,stable,population,0.0,0.0,0.0
CC_TENDANCE_UTILISATION,evolution de l'utilisation de la carte,0.01419137486081088,stable,population,0.19143219648327567,0.766771812298787,0.7218119153126539
REVENU_PAR_PERSONNE,revenu par personne du foyer,0.012402791415787626,stable,population,0.0,1.0839755888697386e-05,0.0
WEEKDAY_APPR_PROCESS_START,jour de la semaine de la demande,0.012394734240195483,stable,population,0.0,0.0,0.0
CC_TAUX_UTILISATION_12M,taux d'utilisation de la carte sur douze mois,0.012315842534513021,stable,population,0.22058466995737597,0.766771812298787,0.7218119153126539
CC_NB_RETRAITS_ESPECES,nombre de retraits en especes,0.010267838532183769,stable,population,0.08917941332629727,0.8000607026329767,0.773223371081569
BUREAU_PLAFOND_SUM,plafonds accordes par d'autres etablissements,0.009956436639097973,stable,population,0.08833990266079211,0.14279752419975503,0.13181109469883473
CC_MONTANT_RETRAITS_ESPECES,montant retire en especes sur la carte,0.008330930909087273,stable,population,0.10991326496664207,0.8000607026329767,0.773223371081569
BUREAU_JOURS_FIN_MAX,echeance la plus lointaine des credits exterieurs,0.007892419012809057,stable,population,0.1107235919272196,0.15487843213770827,0.14346381093057606
EXT_SOURCE_3,score externe n3,0.007856076587364978,stable,population,0.2646030056482598,0.1975708107053429,0.177827014606926
CC_PART_RETRAITS_ESPECES,part des retraits en especes dans l'usage de la carte,0.007262309294006525,stable,population,0.08580645121364534,0.8064398989734751,0.7841785655670441
BUREAU_DUREE_HISTORIQUE_JOURS,anciennete de l'historique exterieur,0.007196680742840213,stable,population,0.12256400540142973,0.14279210432181066,0.1317905793533563
INSTAL_RETARD_JOURS_STD,irregularite des retards de paiement,0.007179921091412049,stable,population,0.661860404601811,0.31719293681506294,0.27956261283440015
AMT_REQ_CREDIT_BUREAU_YEAR,interrogations du bureau dans l'annee,0.006914764830330382,stable,population,0.12495974700900726,0.134667707283232,0.12409732479894961
BUREAU_DETTE_MAX,dette la plus elevee chez un autre etablissement,0.006424031785146821,stable,population,0.1992749532784034,0.16684552263883018,0.15255210897751517
BUREAU_PART_ACTIFS,part des credits exterieurs encore actifs,0.006236004345149966,stable,population,0.1414453821097556,0.14279210432181066,0.1317905793533563
BUREAU_PLAFOND_MAX,plafond le plus eleve accorde ailleurs,0.006191566635777645,stable,population,0.14205623476033055,0.14279752419975503,0.13181109469883473
BUREAU_NB_CREDITS,nombre de credits chez d'autres etablissements,0.006086177620754517,stable,population,0.14492741953996457,0.14279210432181066,0.1317905793533563
ORGANIZATION_TYPE,secteur d'activite de l'employeur,0.005847330637739076,stable,population,0.0,0.0,0.0
BUREAU_PART_CLOS,part des credits exterieurs deja soldes,0.005691789641543905,stable,population,0.15496953910590677,0.14279210432181066,0.1317905793533563
BUREAU_IMPAYE_HISTORIQUE_MAX,impaye le plus eleve de tout l'historique exterieur,0.005551488246047499,stable,population,7.252666796208987e-05,0.40290830650493753,0.40331117676021666
INSTAL_NB_ECHEANCES_12M,echeances sur les douze derniers mois,0.005364418137255116,stable,population,0.18233927256260896,0.2934701310526487,0.2767725258493353
INSTAL_RETARD_MAX_12M,retard maximal sur les douze derniers mois,0.005211677032062685,stable,population,0.1882129588807217,0.29357852861153566,0.27685458723124895
OBS_30_CNT_SOCIAL_CIRCLE,proches observes a 30 jours de retard,0.004722022541828435,stable,population,0.9905389032853406,0.0033169653019414,0.0005949450188741178
OBS_60_CNT_SOCIAL_CIRCLE,proches observes a 60 jours de retard,0.004711656463634143,stable,population,0.992718180107663,0.0033169653019414,0.0005949450188741178
DEF_60_CNT_SOCIAL_CIRCLE,proches ayant eu 60 jours de retard,0.004704598305483863,stable,population,0.9942075233966938,0.0033169653019414,0.0005949450188741178
DEF_30_CNT_SOCIAL_CIRCLE,proches ayant eu 30 jours de retard,0.004701886812064236,stable,population,0.9947808649647036,0.0033169653019414,0.0005949450188741178
AMT_REQ_CREDIT_BUREAU_HOUR,interrogations du bureau dans l'heure,0.004493931414518215,stable,population,0.19227424366855858,0.134667707283232,0.12409732479894961
AMT_REQ_CREDIT_BUREAU_DAY,interrogations du bureau dans la journee,0.004486863072685978,stable,population,0.19257714127380482,0.134667707283232,0.12409732479894961
BUREAU_NB_TYPES,nombre de types de credits detenus ailleurs,0.004106859945680505,stable,population,0.21477577251339094,0.14279210432181066,0.1317905793533563
RATIO_ANCIENNETE,stabilite professionnelle,0.004060378072874567,stable,population,0.14774871009529458,0.17994536763032096,0.1904849827671098
YEARS_BEGINEXPLUATATION_MODE,annee de mise en service de l'immeuble,0.0032108496558662433,stable,population,0.22399110940208955,0.48744214280294407,0.4688987362547185
YEARS_BEGINEXPLUATATION_MEDI,annee de mise en service (mediane),0.003200801456069114,stable,population,0.22469427935840947,0.48744214280294407,0.4688987362547185
YEARS_BEGINEXPLUATATION_AVG,annee de mise en service (moyenne),0.003101927978869989,stable,population,0.23185637495129643,0.48744214280294407,0.4688987362547185
BUREAU_NB_SANS_ECHEANCE,credits exterieurs sans echeance connue,0.003091138258959041,stable,population,0.2853492608689946,0.14279210432181066,0.1317905793533563
FLOORSMAX_AVG,nombre d'etages (moyenne),0.002936784512183173,stable,population,0.24610121187527478,0.4972141827366048,0.47843837190218286
FLOORSMAX_MEDI,nombre d'etages de l'immeuble (mediane),0.00290187567434507,stable,population,0.24906174783932963,0.4972141827366048,0.47843837190218286
TOTALAREA_MODE,surface totale de l'immeuble,0.0028804739286552423,stable,population,0.23981407610594105,0.48221738046459195,0.46413917610372557
FLOORSMAX_MODE,nombre d'etages (mode),0.0028037439138590466,stable,population,0.2577789732836318,0.4972141827366048,0.47843837190218286
LIVINGAREA_AVG,surface habitable (moyenne),0.0027491283937096265,stable,population,0.24317947703852258,0.5013170303404767,0.48317741670769737
LIVINGAREA_MODE,surface habitable (mode),0.0026783140997173067,stable,population,0.2496091123758126,0.5013170303404767,0.48317741670769737
LIVINGAREA_MEDI,surface habitable,0.002675458050347532,stable,population,0.24987556990744847,0.5013170303404767,0.48317741670769737
APARTMENTS_MEDI,surface des appartements de l'immeuble (mediane),0.0025626853575342334,stable,population,0.22768693762216757,0.5071054599850411,0.4900500574429673
BUREAU_NB_ACTIFS,credits en cours chez d'autres etablissements,0.002562672419742675,stable,population,0.3441930426388258,0.14279210432181066,0.1317905793533563
APARTMENTS_AVG,surface des appartements de l'immeuble (moyenne),0.0025599907755462347,stable,population,0.22792659517362435,0.5071054599850411,0.4900500574429673
YEARS_BUILD_MODE,annee de construction (mode),0.0024026272581324157,stable,population,0.09314755139500773,0.664899786456809,0.6527572624322994
YEARS_BUILD_MEDI,annee de construction (mediane),0.0023684739354531458,stable,population,0.0944907362753467,0.664899786456809,0.6527572624322994
ELEVATORS_AVG,nombre d'ascenseurs (moyenne),0.002325006126387779,stable,population,0.21386450892681524,0.5329149187560296,0.5167610372558674
YEARS_BUILD_AVG,annee de construction de l'immeuble,0.002247143120596706,stable,population,0.09959260892582054,0.664899786456809,0.6527572624322994
APARTMENTS_MODE,surface des appartements de l'immeuble (mode),0.0022366415006391254,stable,population,0.260877740567456,0.5071054599850411,0.4900500574429673
REGION_POPULATION_RELATIVE,densite de population de la region,0.002207041411049851,stable,population,0.0,0.0,0.0
ELEVATORS_MEDI,nombre d'ascenseurs de l'immeuble,0.0022042253357627203,stable,population,0.2255832402451278,0.5329149187560296,0.5167610372558674
REGION_RATING_CLIENT_W_CITY,note de la region de residence,0.0021812827708207827,stable,population,0.0,0.0,0.0
WALLSMATERIAL_MODE,materiau des murs de l'immeuble,0.0021651492635819916,stable,population,0.29482580145682985,0.5080214193576361,0.49017314951583785
ELEVATORS_MODE,nombre d'ascenseurs (mode),0.0021189875416102377,stable,population,0.2346574879311961,0.5329149187560296,0.5167610372558674
ENTRANCES_AVG,nombre d'entrees de l'immeuble (moyenne),0.0020410833849276054,stable,population,0.37627970201047384,0.5031977279871658,0.48373133103561466
ENTRANCES_MEDI,nombre d'entrees de l'immeuble (mediane),0.0020164765335244036,stable,population,0.3808714037037386,0.5031977279871658,0.48373133103561466
BASEMENTAREA_MODE,surface des sous-sols de l'immeuble,0.0019349108499206252,stable,population,0.27562355035580133,0.58458803507745,0.567064664368948
ENTRANCES_MODE,nombre d'entrees de l'immeuble (mode),0.0018959836457609638,stable,population,0.40507640958624413,0.5031977279871658,0.48373133103561466
BASEMENTAREA_MEDI,surface des sous-sols (mediane),0.0018947583016542292,stable,population,0.28146439448845645,0.58458803507745,0.567064664368948
OCCUPATION_TYPE,categorie professionnelle,0.0018926947079399863,stable,population,0.08479348531550922,0.31301421091997006,0.32014196619071067
BASEMENTAREA_AVG,surface des sous-sols (moyenne),0.0018642201781732452,stable,population,0.28607511297279964,0.58458803507745,0.567064664368948
REGION_RATING_CLIENT,note de la region du demandeur,0.00179319470542462,stable,population,0.0,0.0,0.0
NAME_EDUCATION_TYPE,niveau d'etudes,0.001787156477370325,stable,population,0.0,0.0,0.0
BUREAU_PART_CARTE,part des cartes de credit a l'exterieur,0.0017740307695814283,stable,population,0.4972033363581109,0.14279210432181066,0.1317905793533563
RATIO_ANNUITE_REVENU,taux d'effort mensuel,0.0016740421758657201,stable,population,0.3736210211650373,4.877890149913824e-05,0.0004923682914820286
CNT_FAM_MEMBERS,nombre de personnes dans le foyer,0.0016608118261698674,stable,population,0.0,1.0839755888697386e-05,0.0
LIVINGAPARTMENTS_AVG,logements habitables de l'immeuble (moyenne),0.0016225064388041696,stable,population,0.09971500587662639,0.6829642396453232,0.6724930247825374
HOUR_APPR_PROCESS_START,heure de depot de la demande,0.0015791366718927603,stable,population,0.0,0.0,0.0
LIVINGAPARTMENTS_MEDI,logements habitables de l'immeuble (mediane),0.0015734750053289328,stable,population,0.10282224918240777,0.6829642396453232,0.6724930247825374
LIVINGAPARTMENTS_MODE,logements habitables de l'immeuble (mode),0.001535109502176596,stable,population,0.10539198594681758,0.6829642396453232,0.6724930247825374
FLAG_PHONE,telephone fixe fourni,0.0014780858406924328,stable,population,0.0,0.0,0.0
DAYS_REGISTRATION,anciennete du dossier,0.0014422867361695113,stable,population,0.0,0.0,0.0
FLOORSMIN_AVG,nombre minimal d'etages (moyenne),0.001387387754959413,stable,population,0.1701680939364822,0.6786500168016216,0.6660512063023142
FLOORSMIN_MEDI,nombre minimal d'etages (mediane),0.0013706567524170213,stable,population,0.17224526081817207,0.6786500168016216,0.6660512063023142
BUREAU_PART_CONSO,part des credits a la consommation a l'exterieur,0.0013704442653010092,stable,population,0.6436263332782058,0.14279210432181066,0.1317905793533563
EMERGENCYSTATE_MODE,immeuble declare en etat d'urgence,0.0013536385970314801,stable,population,0.5153100310211293,0.4736268739227993,0.45562530773018217
NONLIVINGAREA_MEDI,surface non habitable (mediane),0.0013356814312935341,stable,population,0.3762189028954675,0.5516460169316987,0.5351222714590513
NONLIVINGAREA_AVG,surface non habitable (moyenne),0.001295872990463283,stable,population,0.3877761218863363,0.5516460169316987,0.5351222714590513
FLOORSMIN_MODE,nombre minimal d'etages (mode),0.0012869809938896267,stable,population,0.18344414636515283,0.6786500168016216,0.6660512063023142
NONLIVINGAREA_MODE,surface non habitable (mode),0.0012852720332708093,stable,population,0.39097450943540574,0.5516460169316987,0.5351222714590513
BUREAU_NB_AVEC_IMPAYE,credits externes en impaye,0.0012445825075075162,stable,population,0.7087147795482787,0.14279210432181066,0.1317905793533563
COMMONAREA_AVG,surface des parties communes,0.0011518659533636848,stable,population,0.15797848055584124,0.6983892122749396,0.6871614967996061
COMMONAREA_MEDI,surface des parties communes (mediane),0.0011378098997066662,stable,population,0.1599300842463344,0.6983892122749396,0.6871614967996061
LANDAREA_MEDI,surface du terrain (mediane),0.0011310693628183823,stable,population,0.2803090375697713,0.593276099422241,0.5796405711472181
HOUSETYPE_MODE,type d'immeuble,0.0011260494691619103,stable,population,0.501879738066086,0.5012411520492559,0.48455194485475134
LANDAREA_AVG,surface du terrain (moyenne),0.0011126166795227335,stable,population,0.28495794674970726,0.593276099422241,0.5796405711472181
COMMONAREA_MODE,surface des parties communes (mode),0.0011110499334116752,stable,population,0.16378204763275514,0.6983892122749396,0.6871614967996061
BUREAU_PART_IMPAYES,part des credits exterieurs en impaye,0.0010223507337695497,stable,population,0.8627704644819661,0.14279210432181066,0.1317905793533563
BUREAU_IMPAYE_SUM,total des impayes courants,0.0010223507337695497,stable,population,0.8627704644819661,0.14279210432181066,0.1317905793533563
BUREAU_JOURS_IMPAYE_MAX,duree maximale d'un impaye exterieur,0.0010223507337695497,stable,population,0.8627704644819661,0.14279210432181066,0.1317905793533563
BUREAU_PART_VENDUS,part des credits exterieurs cedes a un tiers,0.0010223507337695497,stable,population,0.8627704644819661,0.14279210432181066,0.1317905793533563
BUREAU_PRESENT,connu d'autres etablissements de credit,0.0010223507337695497,stable,population,0.0,0.0,0.0
BUREAU_IMPAYE_MAX,impaye courant le plus eleve,0.0010223507337695497,stable,population,0.8627704644819661,0.14279210432181066,0.1317905793533563
LANDAREA_MODE,surface du terrain (mode),0.0010156973962971811,stable,population,0.31214903737285,0.593276099422241,0.5796405711472181
NAME_INCOME_TYPE,type de revenu,0.0009545059104570934,stable,population,0.0,0.0,0.0
NAME_HOUSING_TYPE,type de logement,0.0008630736856509352,stable,population,0.0,0.0,0.0
REG_REGION_NOT_LIVE_REGION,region declaree differente de la region de residence,0.0008159686107793806,stable,population,0.0,0.0,0.0
CNT_CHILDREN,nombre d'enfants a charge,0.0007717243885905169,stable,population,0.0,0.0,0.0
DAYS_EMPLOYED_ANORMAL,absence d'emploi salarie declare,0.0007372248174281975,stable,population,0.0,0.0,0.0
NONLIVINGAPARTMENTS_AVG,locaux non habitables (moyenne),0.0006593503370751759,stable,population,0.21435506742437915,0.6939936912620728,0.6841252256688003
NONLIVINGAPARTMENTS_MODE,locaux non habitables de l'immeuble (mode),0.0005766387814360388,stable,population,0.24510159654552033,0.6939936912620728,0.6841252256688003
NONLIVINGAPARTMENTS_MEDI,locaux non habitables de l'immeuble (mediane),0.0005532019366372685,stable,population,0.2554855227354511,0.6939936912620728,0.6841252256688003
FONDKAPREMONT_MODE,regime de financement des travaux de l'immeuble,0.0005308757075545077,stable,population,0.3175023549101159,0.6835333268294798,0.6728417856556704
REG_REGION_NOT_WORK_REGION,region declaree differente de la region de travail,0.0004431325354514987,stable,population,0.0,0.0,0.0
LIVE_CITY_NOT_WORK_CITY,residence et travail dans deux villes,0.0002053763332716253,stable,population,0.0,0.0,0.0
FLAG_WORK_PHONE,telephone professionnel fourni,0.00019634767424032078,stable,population,0.0,0.0,0.0
REG_CITY_NOT_WORK_CITY,ville declaree differente de la ville de travail,0.00018436173716725114,stable,population,0.0,0.0,0.0
LIVE_REGION_NOT_WORK_REGION,residence et travail dans deux regions,8.104509740427866e-05,stable,population,0.0,0.0,0.0
FLAG_OWN_REALTY,proprietaire d'un bien immobilier,7.342869306935777e-05,stable,population,0.0,0.0,0.0
FLAG_CONT_MOBILE,mobile joignable,3.887002989091245e-05,stable,population,0.0,0.0,0.0
FLAG_OWN_CAR,possede un vehicule,8.05959183506184e-06,stable,population,0.0,0.0,0.0
REG_CITY_NOT_LIVE_CITY,adresse declaree differente de la residence,1.7366921195067332e-06,stable,population,0.0,0.0,0.0
FLAG_MOBIL,telephone mobile fourni,4.208837174012217e-10,stable,population,0.0,0.0,0.0
