variable,importance
EXT_SOURCE_2,0.3312284102891193
EXT_SOURCE_3,0.2870060062415659
EXT_SOURCE_1,0.17388768138214467
ORGANIZATION_TYPE,0.1508206616476336
DAYS_EMPLOYED,0.10986809178638675
RATIO_ANNUITE_CREDIT,0.10921499738015912
RATIO_CREDIT_BIEN,0.10762864650771198
INSTAL_RETARD_MAX_12M,0.10695461018475377
AMT_ANNUITY,0.10247728051187038
NAME_EDUCATION_TYPE,0.08701384765287591
POS_MENSUALITES_RESTANTES,0.0843161614358631
PREV_PART_ACCORDEE_MEAN,0.07672217631333388
OWN_CAR_AGE,0.07368620853699019
OCCUPATION_TYPE,0.06706367222361219
INSTAL_MONTANT_PAYE_SUM,0.06339397133895938
INSTAL_PART_RETARDS,0.06289275208956291
BUREAU_TAUX_UTILISATION,0.06101904280245377
BUREAU_IMPAYE_HISTORIQUE_MAX,0.056062529389644615
PREV_PART_REFUSEES,0.05135536128340551
POS_NB_MOIS,0.05042589912087837
AMT_GOODS_PRICE,0.05041007113336694
BUREAU_JOURS_FIN_MAX,0.048485146936165124
CC_TAUX_UTILISATION_12M,0.047151158029382245
REGION_POPULATION_RELATIVE,0.04419817363508534
INSTAL_RETARD_JOURS_MAX,0.04105810631445259
PREV_AMT_ANNUITY_MEAN,0.039111458160103835
PREV_CNT_PAYMENT_MEAN,0.038885763282866685
INSTAL_NB_ECHEANCES_12M,0.03830592380693893
PREV_AMT_DOWN_PAYMENT_MEAN,0.036794524264973275
INSTAL_RETARD_JOURS_SUM,0.03616119418961824
BUREAU_JOURS_CREDIT_RECENT,0.03602421347239294
AMT_CREDIT,0.03522449419510573
POS_DERNIER_MOIS,0.03511588085837646
PREV_CNT_PAYMENT_MAX,0.032666746178642986
DAYS_ID_PUBLISH,0.03193597816449791
RATIO_ANNUITE_REVENU,0.03183641386867176
BUREAU_PLAFOND_MAX,0.028477681162859966
BUREAU_PART_CLOS,0.027779905181433952
FLAG_DOCUMENT_3,0.025926804279425994
CC_TAUX_UTILISATION_MAX,0.02538851217366142
DAYS_LAST_PHONE_CHANGE,0.02480068882210811
INSTAL_MONTANT_DU_SUM,0.02305957407483268
REVENU_PAR_PERSONNE,0.022017509707108796
FLAG_WORK_PHONE,0.021392426354713827
DAYS_REGISTRATION,0.021260083174724217
INSTAL_RESTE_DU,0.01952447239524466
BUREAU_DETTE_MEAN,0.019114791316433365
AMT_REQ_CREDIT_BUREAU_QRT,0.0174415815694939
BUREAU_NB_ACTIFS,0.017066835768684882
PREV_PART_ACCEPTEES,0.016931200296760308
NAME_INCOME_TYPE,0.016581609434426124
REGION_RATING_CLIENT_W_CITY,0.01621201769164645
NAME_CONTRACT_TYPE,0.016018667369174986
RATIO_CREDIT_REVENU,0.015138797329153016
WEEKDAY_APPR_PROCESS_START,0.015091337494725555
INSTAL_NB_ECHEANCES,0.015009925729804004
PREV_PART_ACCORDEE_MIN,0.014779266305213952
REG_CITY_NOT_LIVE_CITY,0.014724681178469439
BUREAU_DUREE_HISTORIQUE_JOURS,0.01438175663912092
PREV_PART_CONSO,0.01365746275279449
CC_NB_OPERATIONS,0.013279238415915688
INSTAL_RETARD_JOURS_MEAN,0.013236532936509065
PREV_JOURS_DERNIERE_DEMANDE,0.012637724923785091
BUREAU_JOURS_CREDIT_ANCIEN,0.01237214568372478
PREV_PART_ANNULEES,0.012313660040020269
NB_DOCUMENTS,0.012165974163339909
DEF_30_CNT_SOCIAL_CIRCLE,0.012098794194164859
PREV_PART_RENOUVELABLE,0.012079897284259206
PREV_JOURS_PREMIERE_DEMANDE,0.012066967912261624
RATIO_ANCIENNETE,0.011153812538373173
PREV_RATE_DOWN_PAYMENT_MEAN,0.011086009189120973
HOUR_APPR_PROCESS_START,0.010821464651163067
CC_NB_RETRAITS_ESPECES,0.010800033286172947
BUREAU_DETTE_MAX,0.010473791972714535
POS_DPD_DEF_MEAN,0.009942450616362689
DEF_60_CNT_SOCIAL_CIRCLE,0.009684962706423791
BUREAU_PLAFOND_SUM,0.009326750236003342
BB_PART_CLOS,0.008946670202297936
BUREAU_JOURS_MAJ_RECENTE,0.008800910913037432
PREV_AMT_ANNUITY_MAX,0.008449048382755266
TOTALAREA_MODE,0.008400523413221962
PREV_PART_TRESORERIE,0.008066733259487282
CNT_FAM_MEMBERS,0.007705055380275489
INSTAL_RETARD_JOURS_STD,0.007675806325039596
YEARS_BUILD_MODE,0.007474503314413788
BB_PART_INCONNU,0.007366772748841316
BUREAU_DETTE_SUM,0.0073471601668471526
INSTAL_NB_RETARDS,0.007324977186438787
CC_NB_MOIS,0.0071861799981424125
INSTAL_TAUX_PAIEMENT_MEAN,0.007115185879946775
NAME_HOUSING_TYPE,0.006962490405495198
OBS_60_CNT_SOCIAL_CIRCLE,0.0069443743898072625
BB_NB_MOIS,0.006885891693019183
WALLSMATERIAL_MODE,0.006633573092086106
POS_DPD_DEF_MAX,0.0065519626515099134
PREV_AMT_APPLICATION_MEAN,0.006460621037829721
APARTMENTS_MODE,0.006361587371161619
PREV_NB_REFUSEES,0.006281426272548972
BUREAU_PART_ACTIFS,0.00614052729335795
AMT_INCOME_TOTAL,0.006048241199100105
LIVINGAREA_MEDI,0.005883653186316448
PREV_DUREE_RELATION_JOURS,0.005846647237161129
BB_PART_MOIS_RETARD,0.005629623237937793
REGION_RATING_CLIENT,0.005492151148702485
COMMONAREA_AVG,0.0054435959848190335
LANDAREA_MODE,0.0054318339475175744
FLAG_EMAIL,0.005384041475951556
BASEMENTAREA_AVG,0.0052691261083823845
PREV_AMT_CREDIT_MAX,0.005222856209877551
YEARS_BUILD_MEDI,0.005195529417171119
POS_PART_MOIS_RETARD_GRAVE,0.0051735187604089366
LIVINGAREA_MODE,0.0051487485667902596
CC_PART_RETRAITS_ESPECES,0.005053372297972425
POS_NB_CREDITS,0.0050341633544475455
BUREAU_PART_CONSO,0.0049462515775323766
CC_TAUX_UTILISATION_MEAN,0.004883225923493981
BASEMENTAREA_MODE,0.004802431943644175
PREV_AMT_CREDIT_MEAN,0.004763748851090173
PREV_AMT_CREDIT_SUM,0.004737380199457228
APARTMENTS_MEDI,0.004515019182331012
BUREAU_PART_CARTE,0.004408474025551502
LANDAREA_AVG,0.004381856870421701
YEARS_BEGINEXPLUATATION_MODE,0.004267802000712615
PREV_AMT_APPLICATION_MAX,0.004253135374348621
AMT_REQ_CREDIT_BUREAU_YEAR,0.004217543274334136
BUREAU_ANNUITE_MEAN,0.004177703198572792
LIVINGAREA_AVG,0.004154726253056116
YEARS_BEGINEXPLUATATION_MEDI,0.004154104674599282
BB_NB_CREDITS,0.0040972131994271325
BUREAU_NB_CREDITS,0.004011011856980354
CC_SOLDE_MEAN,0.003875884575946249
CC_NB_MOIS_RETARD,0.003872477301897401
YEARS_BEGINEXPLUATATION_AVG,0.00386886531658947
YEARS_BUILD_AVG,0.0038405513635434057
CC_PLAFOND_SUM,0.003809442917402908
FLAG_PHONE,0.0037814706113249792
NONLIVINGAREA_MODE,0.0037688371687057015
BB_GRAVITE_MEAN,0.003559446396687542
PREV_AMT_GOODS_PRICE_MEAN,0.003485657708845485
FLAG_OWN_CAR,0.00347595757735638
ENTRANCES_MEDI,0.0034591379268392062
BUREAU_ANNUITE_SUM,0.0033645556546777924
LIVINGAPARTMENTS_MODE,0.0033091397997133285
OBS_30_CNT_SOCIAL_CIRCLE,0.0030640355502326074
BASEMENTAREA_MEDI,0.0030511562468183238
NONLIVINGAREA_AVG,0.0029722401400297284
AMT_REQ_CREDIT_BUREAU_MON,0.0029177088390121976
POS_NB_ACTIFS,0.002878982919026328
APARTMENTS_AVG,0.002830270080884036
POS_NB_TERMINES,0.002809343984010825
ENTRANCES_MODE,0.002779442063033408
COMMONAREA_MODE,0.0026150477314783767
PREV_NB_DEMANDES,0.002567030305599705
CC_MONTANT_RETRAITS_ESPECES,0.0025600912267180133
CC_TENDANCE_UTILISATION,0.002487724463476081
FLOORSMAX_AVG,0.0024097289230994422
CC_DPD_MAX,0.0024094981430961486
NONLIVINGAREA_MEDI,0.0023204381557122705
FLOORSMAX_MEDI,0.0022696930340979906
PREV_PART_ASSUREES,0.002236708614152018
NAME_TYPE_SUITE,0.002192065715185256
POS_PART_MOIS_RETARD,0.0021396533160440542
LIVINGAPARTMENTS_AVG,0.002107361238894864
BUREAU_IMPAYE_SUM,0.0020182881503546355
CC_PAIEMENT_MEAN,0.0019983670598473923
COMMONAREA_MEDI,0.0018809255601280506
ELEVATORS_AVG,0.0017826874686429207
FLOORSMIN_MODE,0.0017789275893371325
LANDAREA_MEDI,0.0017608281005979907
INSTAL_NB_CREDITS,0.0017271717016187026
POS_DPD_MEAN,0.0015836273173037842
FONDKAPREMONT_MODE,0.0014408524074425156
FLAG_OWN_REALTY,0.0014212434866112942
LIVINGAPARTMENTS_MEDI,0.0013259056068797626
BUREAU_PART_VENDUS,0.0012972404535931286
INSTAL_NB_JAMAIS_PAYEES,0.0012558887301320591
POS_DPD_MAX,0.0012004450547619659
ENTRANCES_AVG,0.0011275372668946386
PREV_PART_NON_UTILISEES,0.0011260519999170785
NONLIVINGAPARTMENTS_MODE,0.0011243280779131054
FLOORSMIN_MEDI,0.001099296177054111
ELEVATORS_MEDI,0.0010242552722310794
POS_NB_MOIS_RETARD,0.000998773274599202
CC_DPD_MEAN,0.0009969355990227093
ELEVATORS_MODE,0.000972156225856882
BUREAU_IMPAYE_MAX,0.0009546490478296993
FLOORSMAX_MODE,0.0009010788590847363
FLOORSMIN_AVG,0.0008960486270137405
POS_NB_MOIS_RETARD_GRAVE,0.0008808173691359063
NONLIVINGAPARTMENTS_AVG,0.0007719536875476284
NONLIVINGAPARTMENTS_MEDI,0.0006921776886313173
BUREAU_NB_PROLONGATIONS,0.0005161477558238119
BUREAU_NB_TYPES,0.00048207295214372704
REG_CITY_NOT_WORK_CITY,0.0004571479856588346
AMT_REQ_CREDIT_BUREAU_WEEK,0.00041303445766608944
REG_REGION_NOT_WORK_REGION,0.00024596352387733575
BB_DERNIER_MOIS,0.0002152335645912801
INSTAL_TAUX_PAIEMENT_MIN,0.00020981785376583844
BB_NB_MOIS_RETARD,0.00020733687964120135
CNT_CHILDREN,0.0001652937862160091
BUREAU_JOURS_IMPAYE_MAX,0.00014455339593086357
LIVE_CITY_NOT_WORK_CITY,8.597005244764796e-05
BB_GRAVITE_MAX,5.0627122018693694e-05
FLAG_CONT_MOBILE,0.0
FLAG_MOBIL,0.0
REG_REGION_NOT_LIVE_REGION,0.0
LIVE_REGION_NOT_WORK_REGION,0.0
AMT_REQ_CREDIT_BUREAU_HOUR,0.0
AMT_REQ_CREDIT_BUREAU_DAY,0.0
HOUSETYPE_MODE,0.0
EMERGENCYSTATE_MODE,0.0
PREV_PRESENT,0.0
INSTAL_PRESENT,0.0
DAYS_EMPLOYED_ANORMAL,0.0
POS_PRESENT,0.0
BUREAU_PART_IMPAYES,0.0
BUREAU_NB_SANS_ECHEANCE,0.0
BUREAU_NB_AVEC_IMPAYE,0.0
BUREAU_PRESENT,0.0
CC_NB_CARTES,0.0
BB_PRESENT,0.0
CC_DPD_DEF_MAX,0.0
CC_PRESENT,0.0
